<?xml version="1.0" encoding="UTF-8"?>
<beans xmlns="http://www.springframework.org/schema/beans"
       xmlns:xsi="http://www.w3.org/2001/XMLSchema-instance"
       xmlns:tx="http://www.springframework.org/schema/tx"
       xmlns:aop="http://www.springframework.org/schema/aop"
       xmlns:context="http://www.springframework.org/schema/context"
       xmlns:mvc="http://www.springframework.org/schema/mvc"
       xsi:schemaLocation="http://www.springframework.org/schema/beans
       http://www.springframework.org/schema/beans/spring-beans.xsd
       http://www.springframework.org/schema/context
       http://www.springframework.org/schema/context/spring-context.xsd
       http://www.springframework.org/schema/mvc
       http://www.springframework.org/schema/mvc/spring-mvc.xsd
       http://www.springframework.org/schema/aop
       http://www.springframework.org/schema/aop/spring-aop-4.0.xsd
       http://www.springframework.org/schema/tx
       http://www.springframework.org/schema/tx/spring-tx-4.0.xsd

       ">


    <!--<bean id="sessionFactory"-->
          <!--class="org.springframework.orm.hibernate3.LocalSessionFactoryBean">-->
        <!--<property name="configLocation" value="classpath:hibernate.cfg.xml" />-->
        <!--<property name="configurationClass" value="org.hibernate.cfg.AnnotationConfiguration" />-->
    <!--</bean>-->





    <!-- 配置Hibernate事务管理器 -->
    <!--<bean id="transactionManager"-->
          <!--class="org.springframework.orm.hibernate3.HibernateTransactionManager">-->
        <!--<property name="sessionFactory" ref="sessionFactory"/>-->
    <!--</bean>-->

    <!--&lt;!&ndash; 配置事务异常封装 &ndash;&gt;-->
    <!--<bean id="persistenceExceptionTranslationPostProcessor"-->
          <!--class="org.springframework.dao.annotation.PersistenceExceptionTranslationPostProcessor"/>-->

    <!--&lt;!&ndash;  声明式容器事务管理 ,transaction-manager指定事务管理器为transactionManager &ndash;&gt;-->
    <!--<tx:advice id="txAdvice" transaction-manager="transactionManager">-->
        <!--<tx:attributes>-->
            <!--<tx:method name="login*" propagation="REQUIRED"/>-->
            <!--<tx:method name="add*" propagation="REQUIRED"/>-->
            <!--<tx:method name="save*" propagation="REQUIRED"/>-->
            <!--<tx:method name="create*" propagation="REQUIRED"/>-->
            <!--<tx:method name="modify*" propagation="REQUIRED"/>-->
            <!--<tx:method name="update*" propagation="REQUIRED"/>-->
            <!--<tx:method name="delete*" propagation="REQUIRED"/>-->
            <!--<tx:method name="remove*" propagation="REQUIRED"/>-->
            <!--<tx:method name="get*" propagation="REQUIRED"/>-->
            <!--<tx:method name="*" read-only="true"/>-->
        <!--</tx:attributes>-->
    <!--</tx:advice>-->

    <!--<aop:config expose-proxy="true">-->
        <!--&lt;!&ndash; 只对业务逻辑层实施事务 &ndash;&gt;-->
        <!--<aop:pointcut id="txPointcut" expression="execution(* com.*.service..*.*(..))"/>-->
        <!--<aop:advisor pointcut-ref="txPointcut" advice-ref="txAdvice"/>-->
    <!--</aop:config>-->

    <!-- 开启注解方式依赖注入 -->
    <context:annotation-config/>

    <!-- 扫描service注解,生成实例 -->
    <context:component-scan base-package="com.wms.service"/>

    <bean id="messageSource" class="org.springframework.context.support.ReloadableResourceBundleMessageSource">
        <property name="basename">
            <value>classpath:message</value>
        </property>
        <!-- 设置缓存的时间，生产环境下应当设置成 -1 -->
        <property name="cacheSeconds">
            <value>-1</value>
        </property>

    </bean>

    <!--<bean id="jsonFactory" class="com.fasterxml.jackson.core.JsonFactory"/>-->
</beans>